temperature,event_type,t_statistic,p_value
0.0,general,-1.284969154591216,0.19884863882745554
0.0,irae,0.9243278200178059,0.35534981715556824
0.0,drug,0.3521701174545936,0.7247220506265757
0.7,general,-2.692833625226301,0.0071028471198585855
0.7,irae,1.9073456673650464,0.05651966979150396
0.7,drug,-0.1422034469149558,0.8869236962612301
1.0,general,,
1.0,irae,,
1.0,drug,,
