type,general_percentage_0.0,general_percentage_0.7,general_percentage_1.0,irae_percentage_0.0,irae_percentage_0.7,irae_percentage_1.0,drug_percentage_0.0,drug_percentage_0.7,drug_percentage_1.0
brand,39.865278628291485,39.82547458665033,39.384760976644586,15.49295774647887,15.690447030006121,15.041177471499061,27.347417840375584,27.884262094304955,27.630219278764454
generic,40.63074096754439,41.435156834728176,40.90255299915434,15.094917330067359,14.86646934748588,14.418248622167788,27.179016125739945,27.955875348710617,27.62232817193013
