type,general_percentage_0.0_mean,general_percentage_0.0_std,general_percentage_0.7_mean,general_percentage_0.7_std,general_percentage_1.0_mean,general_percentage_1.0_std,irae_percentage_0.0_mean,irae_percentage_0.0_std,irae_percentage_0.7_mean,irae_percentage_0.7_std,irae_percentage_1.0_mean,irae_percentage_1.0_std,drug_percentage_0.0_mean,drug_percentage_0.0_std,drug_percentage_0.7_mean,drug_percentage_0.7_std,drug_percentage_1.0_mean,drug_percentage_1.0_std
brand,39.865278628291485,23.211683544385814,39.82547458665033,23.32469371490176,39.384760976644586,24.41778437080713,15.49295774647887,17.46627762042277,15.690447030006121,17.498596047162778,15.041177471499061,18.17557953390576,27.347417840375584,19.33735341229875,27.884262094304955,20.051551953338773,27.630219278764454,20.659789250724437
generic,40.63074096754439,24.90390315032022,41.435156834728176,24.95949462321586,40.90255299915434,24.402760502564977,15.094917330067359,17.33708796324806,14.86646934748588,17.416071952285275,14.418248622167788,18.049383085247204,27.179016125739945,19.309753109692277,27.955875348710617,20.645239278721778,27.62232817193013,20.95705597922803
