Temperature,Type,Correct,Total,Accuracy (%)
0.0,brand name,1547,1835,84.30517711171662
0.0,preferred name,1557,1835,84.85013623978202
0.7,brand name,1535,1835,83.65122615803816
0.7,preferred name,1560,1835,85.01362397820164
1.0,brand name,1526,1835,83.16076294277929
1.0,preferred name,1547,1835,84.30517711171662
