Temperature,Type,Correct,Total,Accuracy (%),Standard Error,T-Statistic,P-Value
0.0,brand name,445,1835,24.250681198910083,1.0005373437180136,0.42546326819630936,0.6705239530223959
0.0,preferred name,434,1835,23.651226158038146,0.9919957911226159,0.42546326819630936,0.6705239530223959
0.7,brand name,440,1835,23.978201634877383,0.9966882518145398,0.42713982906510306,0.6693025551969609
0.7,preferred name,429,1835,23.37874659400545,0.988023338948661,0.42713982906510306,0.6693025551969609
1.0,brand name,437,1835,23.814713896457764,0.9943521138177128,-0.07744584607857562,0.9382730944233282
1.0,preferred name,439,1835,23.923705722070846,0.9959117730998175,-0.07744584607857562,0.9382730944233282
Overall,All,2624,11010,23.832879200726612,0.40604892582215896,,
