string_type,sentiment_response_0.0,sentiment_response_0.7,sentiment_response_1.0
brand,0.15135135135135136,0.16216216216216217,0.1783783783783784
generic,0.1945945945945946,0.1945945945945946,0.21621621621621623
