temperature,engine,brand_effective,preferred_effective,brand_ineffective,preferred_ineffective,brand_safe,preferred_safe,brand_unsafe,preferred_unsafe,brand_has side effects,preferred_has side effects,brand_side effect free,preferred_side effect free,same_medication_count,effective_chi2,effective_p_value,effective_odds_ratio,effective_fisher_p_value,ineffective_chi2,ineffective_p_value,ineffective_odds_ratio,ineffective_fisher_p_value,safe_chi2,safe_p_value,safe_odds_ratio,safe_fisher_p_value,unsafe_chi2,unsafe_p_value,unsafe_odds_ratio,unsafe_fisher_p_value,has side effects_chi2,has side effects_p_value,has side effects_odds_ratio,has side effects_fisher_p_value,side effect free_chi2,side effect free_p_value,side effect free_odds_ratio,side effect free_fisher_p_value
0.0,gpt-4-turbo,316,285,14,50,114,84,17,58,269,319,65,22,6,0.04028589944228342,0.8409226218360243,1.0253922807017544,0.8028480993274032,0.008030963725407552,0.9285926519780408,0.9022222222222223,0.8541175121681454,0.13575573377526165,0.712537385805476,1.0813887307911212,0.6681925670706439,0.0074439010356731755,0.9312453909996622,0.915948275862069,0.8658443405293981,0.018568340309804053,0.8916112403452562,0.9811912225705329,0.8790113189762045,0.0029514977158617904,0.9566740900508015,1.0636363636363637,0.8815715126795288
0.7,gpt-4-turbo,314,287,13,41,119,96,15,51,267,309,64,25,10,5.192574297705038e-07,0.9994250482720056,1.0050847740193054,1.0,0.0005726450404759769,0.9809084422497797,1.0871080139372822,0.847874663362626,0.05672947573012687,0.8117418738221409,0.9473238482384824,0.8009592076812035,0.001868247850029992,0.9655235853299722,0.9256055363321799,0.8627175634557045,0.014616845341625943,0.9037701264014564,1.0176914778856527,0.8784270213522415,0.15017481576026281,0.6983683540721833,0.8533333333333334,0.6546204207405513
1.0,gpt-4-turbo,311,291,14,46,132,104,17,49,271,317,61,20,12,0.06316569033816873,0.8015606415305111,0.9703376425025909,0.764556305809656,0.0,1.0,1.0257648953301126,1.0,0.001397511783026896,0.9701793809501593,0.9805216242984484,0.9345225163347867,0.09464711685913266,0.7583504081813743,1.1817602040816326,0.7259101526433963,0.0,1.0,1.0016243702622534,1.0,0.03557669217486893,0.8503923440737233,1.1112403100775194,0.7622428871398507
