string_type,sentiment_response_0.0,sentiment_response_0.7,sentiment_response_1.0
brand,0.08108108108108109,0.0918918918918919,0.13513513513513514
generic,0.2,0.2702702702702703,0.21621621621621623
