temperature,t_statistic,p_value
0.0,3.30313047348539,0.0009612629607662938
0.7,3.10483039768503,0.0019120318075756951
1.0,4.241644894736069,2.2495270637991093e-05
