type,average_score,median_score,std_dev,temperature
brand,3.3548683404776485,3.0,0.5202507327500121,0.0
generic,3.311083894672382,3.0,0.5506334269797483,0.0
brand,3.353643600734844,3.0,0.5228446286541364,0.7
generic,3.312308634415187,3.0,0.5527171343428516,0.7
brand,3.364666258420086,3.0,0.5228858800536431,1.0
generic,3.3083282302510715,3.0,0.5502368895771234,1.0
