type,average_score,median_score,std_dev,temperature
brand,3.1050214329454993,3.0,0.5345570072756232,0.0
generic,3.062461726883037,3.0,0.5403356133963395,0.0
brand,3.1227801592161666,3.0,0.5539127579192425,0.7
generic,3.0940563725490198,3.0,0.5758775083077671,0.7
brand,3.1344615384615384,3.0,0.5934494962626872,1.0
generic,3.101908866995074,3.0,0.5881669009426919,1.0
