temperature,t_statistic,p_value
0.0,3.2000027443217016,0.0013808377361868383
0.7,,
1.0,,
