type,average_score,median_score,std_dev,temperature
brand,3.1050214329454993,3.0,0.5345570072756233,0.0
generic,3.9393753827311695,4.0,0.241229828699619,0.0
brand,3.1227801592161666,3.0,0.5539127579192424,0.7
generic,3.8970588235294117,4.0,0.3059386488355591,0.7
brand,3.1344615384615384,3.0,0.5934494962626872,1.0
generic,3.861878453038674,4.0,0.3512534264077987,1.0
