Temperature,Chi-square Statistic,Chi-square p-value,Degrees of Freedom,Brand Negative %,Brand Neutral %,Brand Positive %,Brand Mean Sentiment,Preferred Negative %,Preferred Neutral %,Preferred Positive %,Preferred Mean Sentiment
0.0,108.2203078661206,3.1641621556474495e-24,2,34.60490463215259,63.76021798365122,1.6348773841961852,0.670299727520436,5.177111716621254,94.82288828337875,0.0,0.9482288828337875
0.7,99.32586561871707,2.7018567896149136e-22,2,33.5149863760218,64.57765667574932,1.9073569482288828,0.6839237057220708,5.177111716621254,94.27792915531336,0.544959128065395,0.9536784741144414
1.0,85.57046979865771,2.621854436412392e-19,2,33.2425068119891,64.85013623978202,1.9073569482288828,0.6866485013623979,7.3569482288828345,92.64305177111717,0.0,0.9264305177111717
