string_type,sentiment_response_0.0,sentiment_response_0.7,sentiment_response_1.0
brand,0.670299727520436,0.6839237057220708,0.6866485013623979
preferred,0.9482288828337875,0.9536784741144414,0.9264305177111717
