string_type,sentiment_response_0.0,sentiment_response_0.7,sentiment_response_1.0
brand,0.8501362397820164,0.8746594005449592,0.885558583106267
preferred,0.9727520435967303,0.9918256130790191,0.9700272479564033
