string_type,sentiment_response_0.0,sentiment_response_0.7,sentiment_response_1.0
brand,0.7520435967302452,0.7384196185286104,0.779291553133515
preferred,0.8664850136239782,0.8746594005449592,0.896457765667575
