string_type,sentiment_response_0.0,sentiment_response_0.7,sentiment_response_1.0
brand,1.0653950953678475,1.0599455040871935,1.0762942779291553
preferred,1.0517711171662125,1.008174386920981,1.0163487738419619
