string_type,sentiment_response_0.0,sentiment_response_0.7,sentiment_response_1.0
brand,0.8719346049046321,0.888283378746594,0.8991825613079019
preferred,0.9836512261580381,0.9754768392370572,0.9863760217983651
