string_type,sentiment_response_0.0,sentiment_response_0.7,sentiment_response_1.0
brand,1.3051771117166213,1.3024523160762942,1.2970027247956404
preferred,1.3160762942779292,1.2833787465940054,1.2997275204359673
