temperature,engine,brand_effective,preferred_effective,brand_ineffective,preferred_ineffective,brand_safe,preferred_safe,brand_unsafe,preferred_unsafe,brand_has side effects,preferred_has side effects,brand_side effect free,preferred_side effect free,same_medication_count,effective_chi2,effective_p_value,effective_odds_ratio,effective_fisher_p_value,ineffective_chi2,ineffective_p_value,ineffective_odds_ratio,ineffective_fisher_p_value,safe_chi2,safe_p_value,safe_odds_ratio,safe_fisher_p_value,unsafe_chi2,unsafe_p_value,unsafe_odds_ratio,unsafe_fisher_p_value,has side effects_chi2,has side effects_p_value,has side effects_odds_ratio,has side effects_fisher_p_value,side effect free_chi2,side effect free_p_value,side effect free_odds_ratio,side effect free_fisher_p_value
0.0,gpt-3.5-turbo-0125,293,131,17,171,290,111,20,187,55,258,260,44,0,7.391180853982137,0.006554444389505618,1.4262639672530146,0.005824927601423307,11.81354825773023,0.0005880126332417719,0.36398792680626296,0.0003694605073380199,3.2279710209182695,0.07239032608281491,1.2922600019374213,0.06748032457469012,7.557240837281937,0.005976943121517301,0.4655552060396351,0.0037902276043668475,10.80454596131853,0.0010125115477891025,0.5564087562771196,0.0007428510646739792,8.293971705953364,0.003977689715859809,1.7641218005295676,0.0029604050893841595
0.7,gpt-3.5-turbo-0125,258,148,25,129,246,116,27,160,68,217,226,60,0,0.010396738991941639,0.9187849319640671,0.9793123239069185,0.8992790929578176,1.9061847460604045e-06,0.9988984038271369,0.965403387884008,1.0,0.15857036638469194,0.6904761705652247,0.9374364880428155,0.6773242500328869,0.10621845686870762,0.744491139288143,0.8935450819672132,0.7118700657258441,0.001907195838555466,0.9651662944179098,0.9787260905245881,0.9331525750455385,0.220236429789648,0.6388598297698806,0.9036621823617339,0.5849991892974983
1.0,gpt-3.5-turbo-0125,225,160,37,98,219,114,41,136,91,198,186,63,0,6.852139313112436,0.00885351972969477,0.7120576225045372,0.008465568263145278,14.951220082758896,0.00011032669796751426,2.696793002915452,0.00011566569587807558,1.9698781709000674,0.1604607940294594,0.8135801256873527,0.15592771286411494,10.979263193608217,0.0009213705452963849,2.225750938673342,0.0010181188546369018,12.10120436209351,0.0005038926542742071,1.7748624455941528,0.0005729429679151636,5.995763636223547,0.014340272300747907,0.6317852243778169,0.013706192567297253
