temperature,engine,brand_effective,preferred_effective,brand_ineffective,preferred_ineffective,brand_safe,preferred_safe,brand_unsafe,preferred_unsafe,brand_has side effects,preferred_has side effects,brand_side effect free,preferred_side effect free,same_medication_count,effective_chi2,effective_p_value,effective_odds_ratio,effective_fisher_p_value,ineffective_chi2,ineffective_p_value,ineffective_odds_ratio,ineffective_fisher_p_value,safe_chi2,safe_p_value,safe_odds_ratio,safe_fisher_p_value,unsafe_chi2,unsafe_p_value,unsafe_odds_ratio,unsafe_fisher_p_value,has side effects_chi2,has side effects_p_value,has side effects_odds_ratio,has side effects_fisher_p_value,side effect free_chi2,side effect free_p_value,side effect free_odds_ratio,side effect free_fisher_p_value
0.0,gpt-3.5-turbo-0125,192,267,116,16,179,246,129,38,181,146,132,155,0,0.7613853953439108,0.38289531419547407,0.8958967037060028,0.3772117466090531,5.1259173644422,0.023571108133708024,2.0828729281767955,0.017358108561618575,1.7160211046638891,0.19020602284784457,0.843248993237596,0.17344696738782994,5.276366113672672,0.02161681886328562,1.6893995552260934,0.016435094359097575,3.7181778191281682,0.053823078449751684,1.3197083517454706,0.05242630460829036,4.462949432752694,0.03463764086153251,0.7247769389155799,0.03298069746931699
0.7,gpt-3.5-turbo-0125,187,236,91,23,174,197,104,47,142,150,143,123,0,0.0741647433614454,0.7853667177828718,1.0406641112086086,0.7642139414386747,0.1339393536028824,0.7143820453572935,0.8642887294216969,0.6638221244167355,0.9372667824156198,0.33298174793983976,1.1406371648344804,0.30746734014619564,0.1426126816249873,0.7056973451771593,0.9018415876989093,0.6679754167475487,0.7907610441886843,0.37387010163301415,0.8722431865828092,0.35526686702862964,0.9114156642293665,0.33973908018060744,1.1668916689166893,0.3305511509649698
1.0,gpt-3.5-turbo-0125,175,215,90,29,147,175,109,59,137,147,139,117,0,0.32405028504847233,0.5691836786679896,1.080260170583543,0.540103791714942,3.295773668594335,0.0694583793762354,0.5847076461769115,0.061925210905393574,0.10964487129914814,0.7405488074886613,1.0541643059490085,0.6909125162402416,3.3192357736913056,0.06847365211825439,0.6739652287771878,0.060318814270087506,1.0576258245807288,0.3037573045353583,0.8540679429666603,0.2827747035761312,1.2843680439969014,0.25708844845846396,1.200994560994561,0.25667451142140874
