string_type,sentiment_response_0.0,sentiment_response_0.7,sentiment_response_1.0
brand,0.1945945945945946,0.22162162162162163,0.1945945945945946
generic,0.1891891891891892,0.17297297297297298,0.1945945945945946
