temperature,t_statistic,p_value
0.0,-2.488126995192532,0.012866530362623203
0.7,,
1.0,,
