type,average_score,median_score,std_dev,temperature
brand,3.9237599510104104,4.0,0.2654224451039502,0.0
generic,3.9393753827311695,4.0,0.241229828699619,0.0
brand,3.86313533374158,4.0,0.3437570521877129,0.7
generic,3.8970588235294117,4.0,0.30593864883555905,0.7
brand,3.8179031269160024,4.0,0.3946259888538035,1.0
generic,3.861878453038674,4.0,0.3512534264077987,1.0
