Temperature,Type,Correct,Total,Accuracy (%)
0.0,brand name,1762,1835,96.0217983651226
0.0,preferred name,1723,1835,93.89645776566758
0.7,brand name,1756,1835,95.69482288828338
0.7,preferred name,1722,1835,93.84196185286103
1.0,brand name,1754,1835,95.5858310626703
1.0,preferred name,1712,1835,93.29700272479565
