Temperature,Type,Correct,Total,Accuracy (%),Standard Error,T-Statistic,P-Value
0.0,brand name,1759,1835,95.858310626703,0.4651420611362169,2.698190172834338,0.007003684905381169
0.0,preferred name,1723,1835,93.89645776566758,0.5588529492364512,2.698190172834338,0.007003684905381169
0.7,brand name,1755,1835,95.64032697547684,0.4766827663258053,2.8459186663854816,0.004452928006486001
0.7,preferred name,1716,1835,93.5149863760218,0.5748810850592762,2.8459186663854816,0.004452928006486001
1.0,brand name,1755,1835,95.64032697547684,0.4766827663258053,3.1091937055647576,0.0018903711517519461
1.0,preferred name,1712,1835,93.29700272479565,0.5837815065914372,3.1091937055647576,0.0018903711517519461
Overall,All,10420,11010,94.64123524069028,0.21462429759384732,,
