Temperature,Chi-square Statistic,Chi-square p-value,Degrees of Freedom,Brand Negative %,Brand Neutral %,Brand Positive %,Brand Mean Sentiment,Preferred Negative %,Preferred Neutral %,Preferred Positive %,Preferred Mean Sentiment
0.0,29.41998231653404,4.0881988442969323e-07,2,7.629427792915531,91.55313351498637,0.8174386920980926,0.9318801089918256,0.2724795640326975,99.72752043596729,0.0,0.997275204359673
0.7,20.987087517934004,2.7714806442594235e-05,2,7.901907356948229,91.28065395095368,0.8174386920980926,0.9291553133514986,1.3623978201634876,98.63760217983652,0.0,0.9863760217983651
1.0,22.204208777516268,1.5080555054139837e-05,2,7.629427792915531,91.55313351498637,0.8174386920980926,0.9318801089918256,0.8174386920980926,98.9100817438692,0.2724795640326975,0.9945504087193461
