string_type,sentiment_response_0.0,sentiment_response_0.7,sentiment_response_1.0
brand,0.9318801089918256,0.9291553133514986,0.9318801089918256
preferred,0.997275204359673,0.9863760217983651,0.9945504087193461
