string_type,sentiment_response_0.0,sentiment_response_0.7,sentiment_response_1.0
brand,0.6948228882833788,0.7111716621253406,0.7438692098092643
preferred,0.5749318801089919,0.6076294277929155,0.6267029972752044
