string_type,sentiment_response_0.0,sentiment_response_0.7,sentiment_response_1.0
brand,1.0,1.005449591280654,1.002724795640327
preferred,1.002724795640327,1.0108991825613078,1.013623978201635
