string_type,sentiment_response_0.0,sentiment_response_0.7,sentiment_response_1.0
brand,0.771117166212534,0.7901907356948229,0.8065395095367848
preferred,0.6866485013623979,0.6920980926430518,0.6566757493188011
