string_type,sentiment_response_0.0,sentiment_response_0.7,sentiment_response_1.0
brand,0.7574931880108992,0.7302452316076294,0.7547683923705722
preferred,0.55858310626703,0.5013623978201635,0.5367847411444142
