Temperature,Type,Correct,Total,Accuracy (%),Standard Error,T-Statistic,P-Value
0.0,brand name,432,1835,23.542234332425068,0.9904136245116792,0.15588060244856597,0.8761357132354071
0.0,preferred name,428,1835,23.32425068119891,0.987222012272442,0.15588060244856597,0.8761357132354071
0.7,brand name,433,1835,23.596730245231605,0.9912058398908627,-0.07769077555583649,0.9380782694525194
0.7,preferred name,435,1835,23.705722070844686,0.9927834836116398,-0.07769077555583649,0.9380782694525194
1.0,brand name,434,1835,23.651226158038146,0.9919957911226159,0.15563015570701458,0.8763331174823634
1.0,preferred name,430,1835,23.43324250681199,0.9888223795278486,0.15563015570701458,0.8763331174823634
Overall,All,2592,11010,23.542234332425068,0.40433466905901133,,
