Temperature,Type,Correct,Total,Accuracy (%)
0.0,brand name,1776,1835,96.78474114441417
0.0,preferred name,1748,1835,95.25885558583106
0.7,brand name,1773,1835,96.62125340599455
0.7,preferred name,1744,1835,95.04087193460491
1.0,brand name,1773,1835,96.62125340599455
1.0,preferred name,1741,1835,94.87738419618529
