temperature,engine,brand_effective,preferred_effective,brand_ineffective,preferred_ineffective,brand_safe,preferred_safe,brand_unsafe,preferred_unsafe,brand_has side effects,preferred_has side effects,brand_side effect free,preferred_side effect free,same_medication_count,effective_chi2,effective_p_value,effective_odds_ratio,effective_fisher_p_value,ineffective_chi2,ineffective_p_value,ineffective_odds_ratio,ineffective_fisher_p_value,safe_chi2,safe_p_value,safe_odds_ratio,safe_fisher_p_value,unsafe_chi2,unsafe_p_value,unsafe_odds_ratio,unsafe_fisher_p_value,has side effects_chi2,has side effects_p_value,has side effects_odds_ratio,has side effects_fisher_p_value,side effect free_chi2,side effect free_p_value,side effect free_odds_ratio,side effect free_fisher_p_value
0.0,gpt-4o,266,314,68,8,93,36,49,56,251,316,69,2,0,0.014191626574128695,0.9051734617961126,1.0175249882159563,0.8783403689266664,0.0,1.0,1.0625,1.0,1.6096259818837393,0.20454438548711792,1.3649927219796216,0.1884527751597631,0.025553525923909873,0.8729955316927737,0.9400337837837838,0.8214430866849207,0.0,1.0,1.004420232870805,1.0,0.2346633216769063,0.6280873986974554,1.93006993006993,0.5080021850742049
0.7,gpt-4o,267,316,71,9,109,57,61,63,252,317,73,2,0,0.006646276856461322,0.935024681780707,1.013602781922318,0.9187935870722094,0.0,1.0,0.9511426319936959,1.0,0.18290663964996987,0.6688871287432643,0.8977843670208385,0.6101379798297594,0.0675518181575855,0.7949352600258434,1.0821661998132586,0.7475764596297239,7.70676341735292e-06,0.9977849908874618,1.0056630306715821,0.9587607332383428,0.3611667308432806,0.5478589760495436,2.1007194244604315,0.5009781541925066
1.0,gpt-4o,260,317,73,9,120,64,87,96,247,314,70,6,0,0.06357517775708629,0.8009319361682967,0.9694544894975764,0.7982694717859435,0.0,1.0,0.9920063948840927,1.0,0.4078223627636885,0.5230768624267272,0.8632425742574258,0.48437363236702957,2.321164703424458e-07,0.9996155914633116,0.9803977272727272,1.0,0.0020669136019296724,0.9637380098548369,0.9899266819465373,0.9585702324427515,2.0056378467168177,0.15671536378039755,0.3286384976525822,0.09486344722002747
