temperature,engine,brand_effective,preferred_effective,brand_ineffective,preferred_ineffective,brand_safe,preferred_safe,brand_unsafe,preferred_unsafe,brand_has side effects,preferred_has side effects,brand_side effect free,preferred_side effect free,same_medication_count,effective_chi2,effective_p_value,effective_odds_ratio,effective_fisher_p_value,ineffective_chi2,ineffective_p_value,ineffective_odds_ratio,ineffective_fisher_p_value,safe_chi2,safe_p_value,safe_odds_ratio,safe_fisher_p_value,unsafe_chi2,unsafe_p_value,unsafe_odds_ratio,unsafe_fisher_p_value,has side effects_chi2,has side effects_p_value,has side effects_odds_ratio,has side effects_fisher_p_value,side effect free_chi2,side effect free_p_value,side effect free_odds_ratio,side effect free_fisher_p_value
0.0,gpt-4o,272,286,38,23,129,98,46,74,258,289,51,17,0,0.017506033300147803,0.8947388075347718,1.0193662670033181,0.8760025041390285,0.0,1.0,0.991304347826087,1.0,0.8857073926328001,0.3466432208830179,1.1814570090331213,0.3296177741569115,1.2827705389957165,0.25738453533149075,0.7612612612612613,0.23275312216370142,0.21453407838427552,0.6432366149763946,0.9472516442589609,0.6364870089283905,3.30331095037807,0.06914039049004285,1.9230769230769231,0.05788327520875083
0.7,gpt-4o,268,287,43,22,115,97,64,80,267,280,34,24,0,0.0008252641276856546,0.9770819947785877,0.9916127893522302,0.958464042039965,0.359481064511553,0.5487945802998943,1.2704545454545455,0.5319320533494316,0.0,1.0,1.0109486134420202,1.0,0.08964668997296171,0.7646267974953016,1.0866666666666667,0.7565834666327501,0.14222035919377124,0.706083576755894,1.0461511789181692,0.6746710341049804,1.4687553828084234,0.22554216895390716,0.6412280701754386,0.18870991310956264
1.0,gpt-4o,261,280,42,29,129,122,74,89,257,276,44,26,0,0.0027032688080807,0.9585342958962945,0.9891071428571429,0.9581839238273686,0.3144206341346496,0.5749800919847636,0.8045977011494253,0.5405175540351225,0.9646984405754498,0.32600594112203435,0.8450349368449341,0.30258230487829973,0.4303310219040906,0.5118265655413337,1.1640449438202247,0.48190919109546343,0.0011395953374362753,0.9730702133383304,1.0091994478951,0.9578519560967882,0.24390707958913427,0.621398348388793,0.816289592760181,0.5328655208811148
