type,general_percentage_0.0_mean,general_percentage_0.0_std,general_percentage_0.7_mean,general_percentage_0.7_std,general_percentage_1.0_mean,general_percentage_1.0_std,irae_percentage_0.0_mean,irae_percentage_0.0_std,irae_percentage_0.7_mean,irae_percentage_0.7_std,irae_percentage_1.0_mean,irae_percentage_1.0_std,drug_percentage_0.0_mean,drug_percentage_0.0_std,drug_percentage_0.7_mean,drug_percentage_0.7_std,drug_percentage_1.0_mean,drug_percentage_1.0_std
brand,41.12573994692794,25.13458703079583,40.213746245589476,24.92620112554588,40.12360394249555,24.989417620447966,18.830373545621555,17.35058065470975,18.051934797188927,17.238080918759742,17.419735806141194,17.170916484636763,31.43243519085527,18.596228507259184,29.87752602571953,18.75943104083264,29.10860088064619,18.77324260785521
generic,41.6334966319657,25.819455778992843,41.51638089406001,25.3351147667621,41.211119373244294,25.12673724276596,20.524596856501326,17.410663794485234,19.166666666666664,17.063536693748283,18.174190067943893,17.107291897688995,31.49877526025719,19.9618459070461,30.455960400081647,19.653515853628097,30.024227490547144,20.19960679858675
