temperature,event_type,t_statistic,p_value
0.0,general,-0.8053058695648501,0.4206725168292801
0.0,irae,-3.9391069866240356,8.263755246374049e-05
0.0,drug,-0.138966928605277,0.8894805678996187
0.7,general,-2.094582575764998,0.036246556663255776
0.7,irae,-2.626475063426065,0.008647574679415867
0.7,drug,-1.2166956274931398,0.223764016719351
1.0,general,-1.7537962739197641,0.07951233108068831
1.0,irae,-1.7788410436285902,0.07531233473734109
1.0,drug,-1.8975300590916269,0.057802083513287805
