type,general_percentage_0.0,general_percentage_0.7,general_percentage_1.0,irae_percentage_0.0,irae_percentage_0.7,irae_percentage_1.0,drug_percentage_0.0,drug_percentage_0.7,drug_percentage_1.0
brand,41.12573994692794,40.213746245589476,40.12360394249555,18.830373545621555,18.051934797188927,17.419735806141194,31.43243519085527,29.87752602571953,29.10860088064619
generic,41.6334966319657,41.51638089406001,41.211119373244294,20.524596856501326,19.166666666666664,18.174190067943893,31.49877526025719,30.455960400081647,30.024227490547144
