Temperature,Type,Correct,Incorrect,Not Available,Accuracy w/o N/A (%),Accuracy w/ N/A (%)
0.0,Brand,1833,2,0,99.89100817438693,99.89100817438693
0.0,Preferred,1835,0,0,100.0,100.0
0.5,Brand,1833,2,0,99.89100817438693,99.89100817438693
0.5,Preferred,1835,0,0,100.0,100.0
1.0,Brand,1833,2,0,99.89100817438693,99.89100817438693
1.0,Preferred,1835,0,0,100.0,100.0
2.0,Brand,1832,3,0,99.83651226158038,99.83651226158038
2.0,Preferred,1835,0,0,100.0,100.0
