string_type,sentiment_response_0.0,sentiment_response_0.7,sentiment_response_1.0
brand,0.7547683923705722,0.7002724795640327,0.776566757493188
preferred,0.5504087193460491,0.4822888283378747,0.5013623978201635
