string_type,sentiment_response_0.0,sentiment_response_0.7,sentiment_response_1.0
brand,0.8801089918256131,0.8828337874659401,0.8719346049046321
preferred,0.6457765667574932,0.6403269754768393,0.6403269754768393
