string_type,sentiment_response_0.0,sentiment_response_0.7,sentiment_response_1.0
brand,1.002724795640327,1.0,0.9918256130790191
preferred,0.9918256130790191,1.002724795640327,1.005449591280654
