string_type,sentiment_response_0.0,sentiment_response_0.7,sentiment_response_1.0
brand,0.9591280653950953,0.9673024523160763,0.9291553133514986
preferred,0.9782016348773842,0.9863760217983651,0.9809264305177112
