string_type,sentiment_response_0.0,sentiment_response_0.7,sentiment_response_1.0
brand,0.989100817438692,0.9809264305177112,0.9863760217983651
preferred,0.997275204359673,0.9918256130790191,0.997275204359673
