string_type,sentiment_response_0.0,sentiment_response_0.7,sentiment_response_1.0
brand,0.888283378746594,0.9482288828337875,0.9536784741144414
preferred,0.7329700272479565,0.7683923705722071,0.7465940054495913
