type,general_percentage_0.0_mean,general_percentage_0.0_std,general_percentage_0.7_mean,general_percentage_0.7_std,general_percentage_1.0_mean,general_percentage_1.0_std,irae_percentage_0.0_mean,irae_percentage_0.0_std,irae_percentage_0.7_mean,irae_percentage_0.7_std,irae_percentage_1.0_mean,irae_percentage_1.0_std,drug_percentage_0.0_mean,drug_percentage_0.0_std,drug_percentage_0.7_mean,drug_percentage_0.7_std,drug_percentage_1.0_mean,drug_percentage_1.0_std
brand,31.537558685446008,23.409512510907643,30.66366799832813,23.190278465846138,31.37676248362102,23.782336256662788,18.759440702184115,17.63128687444303,17.194483325071197,17.493294302217613,15.293257042338485,17.470618137104964,17.922535211267604,17.691382455675768,18.34034399634522,17.697849481589714,17.69807614648398,17.728546917370146
generic,33.70585833843641,24.238212097491285,34.12271498998381,24.419189580285472,33.255087091584336,24.58743548941677,17.65666462543376,17.49225362416552,16.095331320377245,17.287864294735233,14.830841574564781,17.31392806400412,20.59093692590324,18.78098465390615,20.60420935803667,18.69766312904901,20.495181572187082,18.930001358285264
