temperature,event_type,t_statistic,p_value
0.0,general,-3.677346450603468,0.00023756631314261894
0.0,irae,2.537515681394003,0.01118729658398897
0.0,drug,-5.910396697726677,3.5849222977210603e-09
0.7,general,-5.870047143628641,4.570465673486469e-09
0.7,irae,2.5540489972989664,0.010670332896076854
0.7,drug,-5.025300480692152,5.160162149179729e-07
1.0,general,-3.13804774475995,0.001708343020383892
1.0,irae,1.0743967667877878,0.2826845888324197
1.0,drug,-6.163445190127189,7.542223340617323e-10
