type,general_percentage_0.0,general_percentage_0.7,general_percentage_1.0,irae_percentage_0.0,irae_percentage_0.7,irae_percentage_1.0,drug_percentage_0.0,drug_percentage_0.7,drug_percentage_1.0
brand,31.537558685446008,30.66366799832813,31.37676248362102,18.759440702184115,17.194483325071197,15.293257042338485,17.922535211267604,18.34034399634522,17.69807614648398
generic,33.70585833843641,34.12271498998381,33.255087091584336,17.65666462543376,16.095331320377245,14.830841574564781,20.59093692590324,20.60420935803667,20.495181572187082
