Temperature,Type,Correct,Incorrect,Not Available,Accuracy w/o N/A (%),Accuracy w/ N/A (%)
0.0,Brand,887,0,948,100.0,48.33787465940054
0.0,Preferred,1145,0,690,100.0,62.39782016348774
0.5,Brand,891,1,943,99.88789237668162,48.555858310626704
0.5,Preferred,1144,0,691,100.0,62.3433242506812
1.0,Brand,882,1,952,99.88674971687429,48.06539509536785
1.0,Preferred,1144,0,691,100.0,62.3433242506812
2.0,Brand,888,0,947,100.0,48.392370572207085
2.0,Preferred,1141,0,694,100.0,62.17983651226157
